<?xml version="1.0" encoding="utf-8"?>
<merger version="3"><dataSet aapt-namespace="http://schemas.android.com/apk/res-auto" config="main$Generated" generated="true" ignore_pattern="!.svn:!.git:!.ds_store:!*.scc:.*:&lt;dir>_*:!CVS:!thumbs.db:!picasa.ini:!*~"><source path="C:\Users\rayya\Downloads\ANDROIDSTUDIOAPPS\Option1_InventoryApp_RayyanAbdulmunib2\app\src\main\res"/></dataSet><dataSet aapt-namespace="http://schemas.android.com/apk/res-auto" config="main" generated-set="main$Generated" ignore_pattern="!.svn:!.git:!.ds_store:!*.scc:.*:&lt;dir>_*:!CVS:!thumbs.db:!picasa.ini:!*~"><source path="C:\Users\rayya\Downloads\ANDROIDSTUDIOAPPS\Option1_InventoryApp_RayyanAbdulmunib2\app\src\main\res"><file name="ic_additem" path="C:\Users\rayya\Downloads\ANDROIDSTUDIOAPPS\Option1_InventoryApp_RayyanAbdulmunib2\app\src\main\res\drawable\ic_additem.xml" qualifiers="" type="drawable"/><file name="ic_delete" path="C:\Users\rayya\Downloads\ANDROIDSTUDIOAPPS\Option1_InventoryApp_RayyanAbdulmunib2\app\src\main\res\drawable\ic_delete.xml" qualifiers="" type="drawable"/><file name="ic_image" path="C:\Users\rayya\Downloads\ANDROIDSTUDIOAPPS\Option1_InventoryApp_RayyanAbdulmunib2\app\src\main\res\drawable\ic_image.xml" qualifiers="" type="drawable"/><file name="ic_inventory" path="C:\Users\rayya\Downloads\ANDROIDSTUDIOAPPS\Option1_InventoryApp_RayyanAbdulmunib2\app\src\main\res\drawable\ic_inventory.xml" qualifiers="" type="drawable"/><file name="ic_launcher_background" path="C:\Users\rayya\Downloads\ANDROIDSTUDIOAPPS\Option1_InventoryApp_RayyanAbdulmunib2\app\src\main\res\drawable\ic_launcher_background.xml" qualifiers="" type="drawable"/><file name="ic_launcher_foreground" path="C:\Users\rayya\Downloads\ANDROIDSTUDIOAPPS\Option1_InventoryApp_RayyanAbdulmunib2\app\src\main\res\drawable\ic_launcher_foreground.xml" qualifiers="" type="drawable"/><file name="ic_logout" path="C:\Users\rayya\Downloads\ANDROIDSTUDIOAPPS\Option1_InventoryApp_RayyanAbdulmunib2\app\src\main\res\drawable\ic_logout.xml" qualifiers="" type="drawable"/><file name="ic_notifications" path="C:\Users\rayya\Downloads\ANDROIDSTUDIOAPPS\Option1_InventoryApp_RayyanAbdulmunib2\app\src\main\res\drawable\ic_notifications.xml" qualifiers="" type="drawable"/><file name="ic_users" path="C:\Users\rayya\Downloads\ANDROIDSTUDIOAPPS\Option1_InventoryApp_RayyanAbdulmunib2\app\src\main\res\drawable\ic_users.xml" qualifiers="" type="drawable"/><file name="activity_main" path="C:\Users\rayya\Downloads\ANDROIDSTUDIOAPPS\Option1_InventoryApp_RayyanAbdulmunib2\app\src\main\res\layout\activity_main.xml" qualifiers="" type="layout"/><file name="add_item_popup" path="C:\Users\rayya\Downloads\ANDROIDSTUDIOAPPS\Option1_InventoryApp_RayyanAbdulmunib2\app\src\main\res\layout\add_item_popup.xml" qualifiers="" type="layout"/><file name="fragment_inventory" path="C:\Users\rayya\Downloads\ANDROIDSTUDIOAPPS\Option1_InventoryApp_RayyanAbdulmunib2\app\src\main\res\layout\fragment_inventory.xml" qualifiers="" type="layout"/><file name="fragment_login" path="C:\Users\rayya\Downloads\ANDROIDSTUDIOAPPS\Option1_InventoryApp_RayyanAbdulmunib2\app\src\main\res\layout\fragment_login.xml" qualifiers="" type="layout"/><file name="fragment_notifications" path="C:\Users\rayya\Downloads\ANDROIDSTUDIOAPPS\Option1_InventoryApp_RayyanAbdulmunib2\app\src\main\res\layout\fragment_notifications.xml" qualifiers="" type="layout"/><file name="fragment_register" path="C:\Users\rayya\Downloads\ANDROIDSTUDIOAPPS\Option1_InventoryApp_RayyanAbdulmunib2\app\src\main\res\layout\fragment_register.xml" qualifiers="" type="layout"/><file name="fragment_users" path="C:\Users\rayya\Downloads\ANDROIDSTUDIOAPPS\Option1_InventoryApp_RayyanAbdulmunib2\app\src\main\res\layout\fragment_users.xml" qualifiers="" type="layout"/><file name="item_layout" path="C:\Users\rayya\Downloads\ANDROIDSTUDIOAPPS\Option1_InventoryApp_RayyanAbdulmunib2\app\src\main\res\layout\item_layout.xml" qualifiers="" type="layout"/><file name="user_layout" path="C:\Users\rayya\Downloads\ANDROIDSTUDIOAPPS\Option1_InventoryApp_RayyanAbdulmunib2\app\src\main\res\layout\user_layout.xml" qualifiers="" type="layout"/><file name="bottom_nav_menu" path="C:\Users\rayya\Downloads\ANDROIDSTUDIOAPPS\Option1_InventoryApp_RayyanAbdulmunib2\app\src\main\res\menu\bottom_nav_menu.xml" qualifiers="" type="menu"/><file name="menu_inventory" path="C:\Users\rayya\Downloads\ANDROIDSTUDIOAPPS\Option1_InventoryApp_RayyanAbdulmunib2\app\src\main\res\menu\menu_inventory.xml" qualifiers="" type="menu"/><file name="ic_launcher" path="C:\Users\rayya\Downloads\ANDROIDSTUDIOAPPS\Option1_InventoryApp_RayyanAbdulmunib2\app\src\main\res\mipmap-anydpi\ic_launcher.xml" qualifiers="anydpi-v4" type="mipmap"/><file name="ic_launcher_round" path="C:\Users\rayya\Downloads\ANDROIDSTUDIOAPPS\Option1_InventoryApp_RayyanAbdulmunib2\app\src\main\res\mipmap-anydpi\ic_launcher_round.xml" qualifiers="anydpi-v4" type="mipmap"/><file name="ic_launcher" path="C:\Users\rayya\Downloads\ANDROIDSTUDIOAPPS\Option1_InventoryApp_RayyanAbdulmunib2\app\src\main\res\mipmap-hdpi\ic_launcher.webp" qualifiers="hdpi-v4" type="mipmap"/><file name="ic_launcher_round" path="C:\Users\rayya\Downloads\ANDROIDSTUDIOAPPS\Option1_InventoryApp_RayyanAbdulmunib2\app\src\main\res\mipmap-hdpi\ic_launcher_round.webp" qualifiers="hdpi-v4" type="mipmap"/><file name="ic_launcher" path="C:\Users\rayya\Downloads\ANDROIDSTUDIOAPPS\Option1_InventoryApp_RayyanAbdulmunib2\app\src\main\res\mipmap-mdpi\ic_launcher.webp" qualifiers="mdpi-v4" type="mipmap"/><file name="ic_launcher_round" path="C:\Users\rayya\Downloads\ANDROIDSTUDIOAPPS\Option1_InventoryApp_RayyanAbdulmunib2\app\src\main\res\mipmap-mdpi\ic_launcher_round.webp" qualifiers="mdpi-v4" type="mipmap"/><file name="ic_launcher" path="C:\Users\rayya\Downloads\ANDROIDSTUDIOAPPS\Option1_InventoryApp_RayyanAbdulmunib2\app\src\main\res\mipmap-xhdpi\ic_launcher.webp" qualifiers="xhdpi-v4" type="mipmap"/><file name="ic_launcher_round" path="C:\Users\rayya\Downloads\ANDROIDSTUDIOAPPS\Option1_InventoryApp_RayyanAbdulmunib2\app\src\main\res\mipmap-xhdpi\ic_launcher_round.webp" qualifiers="xhdpi-v4" type="mipmap"/><file name="ic_launcher" path="C:\Users\rayya\Downloads\ANDROIDSTUDIOAPPS\Option1_InventoryApp_RayyanAbdulmunib2\app\src\main\res\mipmap-xxhdpi\ic_launcher.webp" qualifiers="xxhdpi-v4" type="mipmap"/><file name="ic_launcher_round" path="C:\Users\rayya\Downloads\ANDROIDSTUDIOAPPS\Option1_InventoryApp_RayyanAbdulmunib2\app\src\main\res\mipmap-xxhdpi\ic_launcher_round.webp" qualifiers="xxhdpi-v4" type="mipmap"/><file name="ic_launcher" path="C:\Users\rayya\Downloads\ANDROIDSTUDIOAPPS\Option1_InventoryApp_RayyanAbdulmunib2\app\src\main\res\mipmap-xxxhdpi\ic_launcher.webp" qualifiers="xxxhdpi-v4" type="mipmap"/><file name="ic_launcher_round" path="C:\Users\rayya\Downloads\ANDROIDSTUDIOAPPS\Option1_InventoryApp_RayyanAbdulmunib2\app\src\main\res\mipmap-xxxhdpi\ic_launcher_round.webp" qualifiers="xxxhdpi-v4" type="mipmap"/><file name="mobile_navigation" path="C:\Users\rayya\Downloads\ANDROIDSTUDIOAPPS\Option1_InventoryApp_RayyanAbdulmunib2\app\src\main\res\navigation\mobile_navigation.xml" qualifiers="" type="navigation"/><file path="C:\Users\rayya\Downloads\ANDROIDSTUDIOAPPS\Option1_InventoryApp_RayyanAbdulmunib2\app\src\main\res\values\colors.xml" qualifiers=""><color name="purple_200">#FFBB86FC</color><color name="red">#FF0000</color><color name="purple_500">#FF6200EE</color><color name="purple_700">#FF3700B3</color><color name="teal_200">#FF03DAC5</color><color name="teal_700">#FF018786</color><color name="black">#FF000000</color><color name="white">#FFFFFFFF</color></file><file path="C:\Users\rayya\Downloads\ANDROIDSTUDIOAPPS\Option1_InventoryApp_RayyanAbdulmunib2\app\src\main\res\values\dimens.xml" qualifiers=""><dimen name="activity_horizontal_margin">16dp</dimen><dimen name="activity_vertical_margin">16dp</dimen></file><file path="C:\Users\rayya\Downloads\ANDROIDSTUDIOAPPS\Option1_InventoryApp_RayyanAbdulmunib2\app\src\main\res\values\strings.xml" qualifiers=""><string name="app_name">Option1_InventoryApp-RayyanAbdulmunib</string><string name="title_users">Users</string><string name="title_inventory">Inventory</string><string name="title_notifications">Notifications</string><string name="title_login">Login</string><string name="title_register">Create Account</string><string name="title_addItem">Add Item</string></file><file path="C:\Users\rayya\Downloads\ANDROIDSTUDIOAPPS\Option1_InventoryApp_RayyanAbdulmunib2\app\src\main\res\values\themes.xml" qualifiers=""><style name="Theme.Option1_InventoryApp_RayyanAbdulmunib" parent="Theme.MaterialComponents.DayNight.DarkActionBar">
        
        <item name="colorPrimary">@color/purple_500</item>
        <item name="colorPrimaryVariant">@color/purple_700</item>
        <item name="colorOnPrimary">@color/white</item>
        
        <item name="colorSecondary">@color/teal_200</item>
        <item name="colorSecondaryVariant">@color/teal_700</item>
        <item name="colorOnSecondary">@color/black</item>
        
        <item name="android:statusBarColor">?attr/colorPrimaryVariant</item>
        
        <item name="android:homeAsUpIndicator">@null</item>
    </style></file><file path="C:\Users\rayya\Downloads\ANDROIDSTUDIOAPPS\Option1_InventoryApp_RayyanAbdulmunib2\app\src\main\res\values-night\themes.xml" qualifiers="night-v8"><style name="Theme.Option1_InventoryApp_RayyanAbdulmunib" parent="Theme.MaterialComponents.DayNight.DarkActionBar">
        
        <item name="colorPrimary">@color/purple_200</item>
        <item name="colorPrimaryVariant">@color/purple_700</item>
        <item name="colorOnPrimary">@color/black</item>
        
        <item name="colorSecondary">@color/teal_200</item>
        <item name="colorSecondaryVariant">@color/teal_200</item>
        <item name="colorOnSecondary">@color/black</item>
        
        <item name="android:statusBarColor">?attr/colorPrimaryVariant</item>
        
        <item name="android:homeAsUpIndicator">@null</item>
    </style></file><file name="backup_rules" path="C:\Users\rayya\Downloads\ANDROIDSTUDIOAPPS\Option1_InventoryApp_RayyanAbdulmunib2\app\src\main\res\xml\backup_rules.xml" qualifiers="" type="xml"/><file name="data_extraction_rules" path="C:\Users\rayya\Downloads\ANDROIDSTUDIOAPPS\Option1_InventoryApp_RayyanAbdulmunib2\app\src\main\res\xml\data_extraction_rules.xml" qualifiers="" type="xml"/><file name="recycler_view_item" path="C:\Users\rayya\Downloads\ANDROIDSTUDIOAPPS\Option1_InventoryApp_RayyanAbdulmunib2\app\src\main\res\layout\recycler_view_item.xml" qualifiers="" type="layout"/></source></dataSet><dataSet aapt-namespace="http://schemas.android.com/apk/res-auto" config="debug$Generated" generated="true" ignore_pattern="!.svn:!.git:!.ds_store:!*.scc:.*:&lt;dir>_*:!CVS:!thumbs.db:!picasa.ini:!*~"><source path="C:\Users\rayya\Downloads\ANDROIDSTUDIOAPPS\Option1_InventoryApp_RayyanAbdulmunib2\app\src\debug\res"/></dataSet><dataSet aapt-namespace="http://schemas.android.com/apk/res-auto" config="debug" generated-set="debug$Generated" ignore_pattern="!.svn:!.git:!.ds_store:!*.scc:.*:&lt;dir>_*:!CVS:!thumbs.db:!picasa.ini:!*~"><source path="C:\Users\rayya\Downloads\ANDROIDSTUDIOAPPS\Option1_InventoryApp_RayyanAbdulmunib2\app\src\debug\res"/></dataSet><dataSet aapt-namespace="http://schemas.android.com/apk/res-auto" config="generated$Generated" generated="true" ignore_pattern="!.svn:!.git:!.ds_store:!*.scc:.*:&lt;dir>_*:!CVS:!thumbs.db:!picasa.ini:!*~"><source path="C:\Users\rayya\Downloads\ANDROIDSTUDIOAPPS\Option1_InventoryApp_RayyanAbdulmunib2\app\build\generated\res\resValues\debug"/></dataSet><dataSet aapt-namespace="http://schemas.android.com/apk/res-auto" config="generated" generated-set="generated$Generated" ignore_pattern="!.svn:!.git:!.ds_store:!*.scc:.*:&lt;dir>_*:!CVS:!thumbs.db:!picasa.ini:!*~"><source path="C:\Users\rayya\Downloads\ANDROIDSTUDIOAPPS\Option1_InventoryApp_RayyanAbdulmunib2\app\build\generated\res\resValues\debug"/></dataSet><mergedItems/></merger>