<?xml version="1.0" encoding="utf-8"?>
<resources>
    <color name="black">#FF000000</color>
    <color name="purple_200">#FFBB86FC</color>
    <color name="purple_500">#FF6200EE</color>
    <color name="purple_700">#FF3700B3</color>
    <color name="red">#FF0000</color>
    <color name="teal_200">#FF03DAC5</color>
    <color name="teal_700">#FF018786</color>
    <color name="white">#FFFFFFFF</color>
    <dimen name="activity_horizontal_margin">16dp</dimen>
    <dimen name="activity_vertical_margin">16dp</dimen>
    <string name="app_name">Option1_InventoryApp-RayyanAbdulmunib</string>
    <string name="title_addItem">Add Item</string>
    <string name="title_inventory">Inventory</string>
    <string name="title_login">Login</string>
    <string name="title_notifications">Notifications</string>
    <string name="title_register">Create Account</string>
    <string name="title_users">Users</string>
    <style name="Theme.Option1_InventoryApp_RayyanAbdulmunib" parent="Theme.MaterialComponents.DayNight.DarkActionBar">
        
        <item name="colorPrimary">@color/purple_500</item>
        <item name="colorPrimaryVariant">@color/purple_700</item>
        <item name="colorOnPrimary">@color/white</item>
        
        <item name="colorSecondary">@color/teal_200</item>
        <item name="colorSecondaryVariant">@color/teal_700</item>
        <item name="colorOnSecondary">@color/black</item>
        
        <item name="android:statusBarColor">?attr/colorPrimaryVariant</item>
        
        <item name="android:homeAsUpIndicator">@null</item>
    </style>
</resources>